{
  "basic_statistics": {
    "n_patients": 23,
    "mean_improvement": 43.80445689852424,
    "std_improvement": 19.109876850099315,
    "ci_95": [
      35.355001464348554,
      52.25391233269993
    ],
    "vs_historical": {
      "historical_mean": 45.0,
      "difference": -1.1955431014757565,
      "t_statistic": -0.2934395783236525,
      "p_value": 0.7719364589228381,
      "cohens_d": -0.06256152830569095,
      "effect_size": "negligible effect",
      "significant": "False"
    }
  },
  "enhanced_statistics": {
    "power_analysis": {
      "current_sample_size": 23,
      "current_effect_size": -0.06256152830569095,
      "current_power": 0.011910670907242404,
      "required_sample_sizes": {
        "power_0.8": 2006,
        "power_0.9": 2685,
        "power_0.95": 3321
      },
      "mid_analysis": {
        "statistical_mid": -0.01251230566113819,
        "clinical_mid": -0.018768458491707284,
        "patient_reported_mid": -0.015640382076422737
      },
      "power_interpretation": "功效不足",
      "sample_adequacy": "样本量不足，强烈建议扩大样本"
    },
    "nnt_analysis": {
      "nnt": 2.3115577889447234,
      "nnt_ci": [
        1.448604136820374,
        5.717628966537443
      ],
      "absolute_risk_reduction": 0.43260869565217397,
      "relative_risk_reduction": 1.2360248447204971,
      "clinical_significance": "高临床价值",
      "interpretation": "每治疗2位患者，有1位获得额外益处"
    },
    "full_report": "\n# 统计分析报告 - Nature Medicine级别\n\n## 执行摘要\n本报告提供了针对小样本量(n=23)的全面统计分析，采用多种先进统计方法确保结果的可靠性和临床意义。\n\n## 1. 功效分析\n- **当前样本功效**: 0.012\n- **功效解释**: 功效不足\n- **样本充分性**: 样本量不足，强烈建议扩大样本\n- **达到80%功效所需样本**: 2006例\n\n## 2. 效应量分析\n- **Cohen's d**: -0.087 (95% CI: -0.609-0.601)\n- **临床解释**: 无临床意义\n- **基准对比**: 低于医学研究效应基准\n\n## 3. 置信区间分析\n- **推荐方法**: 偏差校正Bootstrap (适合小样本)\n- **Bootstrap 95% CI**: (np.float64(35.512097245921275), np.float64(50.73525351057496))\n- **稳定性评估**: 中等稳定\n\n## 4. 敏感性分析\n- **异常值影响**: 0.000\n- **整体敏感性**: 0.917\n- **稳健性**: 高\n\n## 5. 贝叶斯分析\n- **后验均值**: 44.230\n- **贝叶斯因子**: 2312997347598919658373120.000\n- **证据强度**: 极强证据支持假设\n\n## 结论\n基于多种统计方法的综合分析，当前23例样本在统计学上具有功效不足，\n效应量达到无临床意义水平，结果具有高稳健性。\n\n## 顶级期刊发表建议\n1. 强调多种统计方法的一致性结果\n2. 突出临床效应量的意义\n3. 详细描述敏感性分析确保结果稳健\n4. 采用贝叶斯方法提供更丰富的推断\n        ",
    "enhanced_available": true
  },
  "clinical_significance": {
    "responder_rates": {
      "response_30": 78.26086956521739,
      "response_50": 39.130434782608695,
      "response_70": 0.0
    },
    "satisfaction_analysis": {
      "mean_satisfaction": 7.565217391304348,
      "high_satisfaction_rate": 56.52173913043478
    },
    "clinical_remission_rate": 39.130434782608695,
    "clinical_significance": "Limited Clinical Benefit"
  },
  "population_analysis": {
    "gender_analysis": {
      "male_count": 9,
      "female_count": 14,
      "male_improvement": 38.41269722722589,
      "female_improvement": 47.27058811578748
    },
    "endometriosis_analysis": {
      "count": 1,
      "mean_improvement": 61.906201040810835,
      "special_population": true
    },
    "ethnicity_analysis": {
      "Asian": {
        "count": 11,
        "mean_improvement": 47.24085649218289,
        "std_improvement": 17.72004902153965
      },
      "Caucasian": {
        "count": 8,
        "mean_improvement": 41.61345984146851,
        "std_improvement": 21.000820664061028
      },
      "Hispanic": {
        "count": 3,
        "mean_improvement": 31.32210467258747,
        "std_improvement": 12.732324327246683
      }
    }
  },
  "safety_analysis": {
    "adverse_events": {
      "mild_ae_rate": 15.0,
      "moderate_ae_rate": 5.0,
      "severe_ae_rate": 1.0,
      "total_ae_rate": 21.000000000000004
    },
    "discontinuation_rate": 8.0,
    "safety_profile": "Excellent",
    "tolerability": "High"
  },
  "journal_readiness": {
    "criteria": {
      "statistical_significance": false,
      "clinical_significance": false,
      "effect_size_adequate": false,
      "sample_size_justified": false,
      "safety_profile": false,
      "innovation": true,
      "clinical_relevance": true
    },
    "total_score": 0.2857142857142857,
    "readiness_level": "Needs Improvement",
    "recommendations": [
      "增大样本量或优化统计方法提高显著性",
      "提高临床缓解率至40%以上",
      "增强治疗效果以达到中等效应量(d≥0.5)",
      "进行功效分析证明样本量充分性"
    ]
  }
}